Workbook

Sheet УМОВА_ЛИНЕЙН
A1: За даним статистичних спостережень побудувати виробничу функцію Знайти оптимальні витрати капіталу та праці для задач: 1)максимізація прибутку 2) максимізація випуску продукції 3) мінімізація витрат | G1: p= | H1: 7
G2: w(K)= | H2: 2
G3: w(L)= | H3: 4
J4: beta | K4: alpha | L4: ln(A) | M4: A
G5: TC0= | H5: 87000 | J5: {=LINEST(G11:G20,E11:F20,1,0)} -> 0.63191822 | K5: 0.2923729 | L5: 2.6179477 | M5: =EXP(L5) -> 13.707563
G6: q0= | H6: 68500
A9: Виробництво
B10: K, Обсяг витрат капіталу | C10: L, Обсяг витрат трудових ресурсів | D10: q=F(K,L), Обсяг випуску продукції | E10: ln(K) | F10: ln(L) | G10: ln(F)
B11: 2885 | C11: 10680 | D11: 49945 | E11: =LN(B11) -> 7.9672802 | F11: =LN(C11) -> 9.2761281 | G11: =LN(D11) -> 10.818678
B12: 2765 | C12: 10310 | D12: 47775 | E12: =LN(B12) -> 7.9247959 | F12: =LN(C12) -> 9.2408696 | G12: =LN(D12) -> 10.774258
B13: 2975 | C13: 10680 | D13: 50575 | E13: =LN(B13) -> 7.9979993 | F13: =LN(C13) -> 9.2761281 | G13: =LN(D13) -> 10.831213
B14: 2905 | C14: 10800 | D14: 50595 | E14: =LN(B14) -> 7.9741887 | F14: =LN(C14) -> 9.2873014 | G14: =LN(D14) -> 10.831608
B15: 2535 | C15: 10540 | D15: 47845 | E15: =LN(B15) -> 7.8379489 | F15: =LN(C15) -> 9.2629328 | G15: =LN(D15) -> 10.775722
B16: 2715 | C16: 10420 | D16: 47925 | E16: =LN(B16) -> 7.9065472 | F16: =LN(C16) -> 9.2514823 | G16: =LN(D16) -> 10.777393
B17: 3015 | C17: 10940 | D17: 51925 | E17: =LN(B17) -> 8.0113551 | F17: =LN(C17) -> 9.3001811 | G17: =LN(D17) -> 10.857556
B18: 2875 | C18: 10710 | D18: 45995 | E18: =LN(B18) -> 7.963808 | F18: =LN(C18) -> 9.2789332 | G18: =LN(D18) -> 10.736288
B19: 3025 | C19: 9900 | D19: 48055 | E19: =LN(B19) -> 8.0146664 | F19: =LN(C19) -> 9.20029 | G19: =LN(D19) -> 10.780101
B20: 3095 | C20: 9930 | D20: 48125 | E20: =LN(B20) -> 8.0375432 | F20: =LN(C20) -> 9.2033158 | G20: =LN(D20) -> 10.781557

Sheet MAX_profit_short
A1: Максимізація прибутку | F1: короткостроковий період
A3: p= | B3: =УМОВА_ЛИНЕЙН!H1 -> 7
A4: w(K)= | B4: =УМОВА_ЛИНЕЙН!H2 -> 2 | D4: beta | E4: alpha | G4: A
A5: w(L)= | B5: =УМОВА_ЛИНЕЙН!H3 -> 4 | D5: =УМОВА_ЛИНЕЙН!J5 -> 0.63191822 | E5: =УМОВА_ЛИНЕЙН!K5 -> 0.2923729 | G5: =УМОВА_ЛИНЕЙН!M5 -> 13.707563
F10: ПРИБУТОК | G10: Дохід | H10: Витрати | I10: K* | J10: L*
F11: =G11-H11 -> 308940.12 | G11: =B3*G5*I11^E5*J11^D5 -> 358890.12 | H11: =B4*I11+B5*J11 -> 49950 | I11: 3095 | J11: 10940
G13: Обмеження на K*, L* | I13: =MAX(УМОВА_ЛИНЕЙН!B11:B20) -> 3095 | J13: =MAX(УМОВА_ЛИНЕЙН!C11:C20) -> 10940 | K13: max
I14: =MIN(УМОВА_ЛИНЕЙН!B11:B20) -> 2535 | J14: =MIN(УМОВА_ЛИНЕЙН!C11:C20) -> 9900 | K14: min
I15: =AVERAGE(УМОВА_ЛИНЕЙН!B11:B20) -> 2879 | J15: =AVERAGE(УМОВА_ЛИНЕЙН!C11:C20) -> 10491 | K15: aver

Sheet MIN_costs
A1: Мінімізація витрат
A3: q0= | B3: =УМОВА_ЛИНЕЙН!H6 -> 68500
A4: w(K)= | B4: =УМОВА_ЛИНЕЙН!H2 -> 2 | D4: beta | E4: alpha | G4: A
A5: w(L)= | B5: =УМОВА_ЛИНЕЙН!H3 -> 4 | D5: =УМОВА_ЛИНЕЙН!J5 -> 0.63191822 | E5: =УМОВА_ЛИНЕЙН!K5 -> 0.2923729 | G5: =УМОВА_ЛИНЕЙН!M5 -> 13.707563
F10: ВИТРАТИ | H10: Випуск | I10: K* | J10: L*
F11: =B4*I11+B5*J11 -> 60196 | H11: =G5*I11^E5*J11^D5 -> 68501.106 | I11: 9520 | J11: 10289

Sheet MAX_produce
A1: Максимізація випуску
A3: TC0= | B3: =УМОВА_ЛИНЕЙН!H5 -> 87000
A4: w(K)= | B4: =УМОВА_ЛИНЕЙН!H2 -> 2 | D4: beta | E4: alpha | G4: A
A5: w(L)= | B5: =УМОВА_ЛИНЕЙН!H3 -> 4 | D5: =УМОВА_ЛИНЕЙН!J5 -> 0.63191822 | E5: =УМОВА_ЛИНЕЙН!K5 -> 0.2923729 | G5: =УМОВА_ЛИНЕЙН!M5 -> 13.707563
I9: Цілі значення змінних
F10: ВИПУСК | H10: Витрати, TC | I10: K* | J10: L*
F11: =G5*I11^E5*J11^D5 -> 96280.746 | H11: =B4*I11+B5*J11 -> 87000 | I11: 13760 | J11: 14870
